ticket,signal,is_long,profit,bars,close_time,reason,run
1,EMA_CROSS_BEAR,False,-99.0739881612876,3,2023-01-09 14:00:00,SL,A_nofilter
2,EMA_CROSS_BEAR,False,83.68645508761007,6,2023-01-10 08:00:00,TP1,A_nofilter
2,EMA_CROSS_BEAR,False,0.34999999999968173,9,2023-01-10 11:00:00,SL,A_nofilter
3,EMA_CROSS_BULL,True,83.46380614319355,4,2023-01-11 17:00:00,TP1,A_nofilter
3,EMA_CROSS_BULL,True,0.5499999999994998,9,2023-01-11 22:00:00,SL,A_nofilter
4,EMA_CROSS_BEAR,False,81.58627643096816,6,2023-01-16 03:00:00,TP1,A_nofilter
4,EMA_CROSS_BEAR,False,163.1725528619363,6,2023-01-16 03:00:00,TP2,A_nofilter
5,EMA_CROSS_BULL,True,-103.66633239164345,2,2023-01-16 19:00:00,SL,A_nofilter
6,EMA_CROSS_BEAR,False,-102.484003865884,14,2023-01-17 09:00:00,SL,A_nofilter
7,EMA_CROSS_BULL,True,83.35523715630484,6,2023-01-17 10:00:00,TP1,A_nofilter
7,EMA_CROSS_BULL,True,0.5499999999994998,30,2023-01-18 10:00:00,SL,A_nofilter
8,EMA_CROSS_BEAR,False,-103.39871419060955,3,2023-01-18 10:00:00,SL,A_nofilter
10,EMA_CROSS_BULL,True,-99.88132887568781,2,2023-01-20 10:00:00,SL,A_nofilter
9,EMA_CROSS_BEAR,False,-97.85691793348632,11,2023-01-20 18:00:00,SL,A_nofilter
11,EMA_CROSS_BULL,True,83.79163874935534,10,2023-01-23 03:00:00,TP1,A_nofilter
11,EMA_CROSS_BULL,True,158.76310499877647,21,2023-01-23 14:00:00,TP2,A_nofilter
12,EMA_CROSS_BULL,True,85.02193206475205,3,2023-01-25 00:00:00,TP1,A_nofilter
12,EMA_CROSS_BULL,True,0.6999999999993635,4,2023-01-25 01:00:00,SL,A_nofilter
13,EMA_CROSS_BEAR,False,85.25861733257318,1,2023-01-25 02:00:00,TP1,A_nofilter
13,EMA_CROSS_BEAR,False,0.4499999999995907,2,2023-01-25 03:00:00,SL,A_nofilter
14,EMA_CROSS_BULL,True,-102.14938262339727,3,2023-01-27 23:00:00,SL,A_nofilter
15,EMA_CROSS_BEAR,False,-104.47145021315261,1,2023-01-27 23:00:00,SL,A_nofilter
16,EMA_CROSS_BULL,True,82.31207160467602,4,2023-01-30 03:00:00,TP1,A_nofilter
16,EMA_CROSS_BULL,True,0.39999999999963626,19,2023-01-30 18:00:00,SL,A_nofilter
17,EMA_CROSS_BEAR,False,82.62573711470009,3,2023-01-31 00:00:00,TP1,A_nofilter
17,EMA_CROSS_BEAR,False,0.34999999999968173,23,2023-01-31 20:00:00,SL,A_nofilter
18,EMA_CROSS_BULL,True,86.6981600151289,5,2023-01-31 23:00:00,TP1,A_nofilter
18,EMA_CROSS_BULL,True,0.4499999999995907,16,2023-02-01 10:00:00,SL,A_nofilter
19,EMA_CROSS_BEAR,False,89.0890303005284,22,2023-02-03 04:00:00,TP1,A_nofilter
19,EMA_CROSS_BEAR,False,0.34999999999968173,44,2023-02-06 02:00:00,SL,A_nofilter
20,EMA_CROSS_BULL,True,87.10007565200783,9,2023-02-08 12:00:00,TP1,A_nofilter
20,EMA_CROSS_BULL,True,0.34999999999968173,11,2023-02-08 14:00:00,SL,A_nofilter
21,EMA_CROSS_BEAR,False,87.9171249179808,2,2023-02-08 18:00:00,TP1,A_nofilter
21,EMA_CROSS_BEAR,False,175.8342498359616,5,2023-02-08 21:00:00,TP2,A_nofilter
22,EMA_CROSS_BULL,True,92.79230755638127,6,2023-02-14 16:00:00,TP1,A_nofilter
22,EMA_CROSS_BULL,True,185.58461511276255,9,2023-02-14 19:00:00,TP2,A_nofilter
23,EMA_CROSS_BULL,True,-109.99568835238733,5,2023-02-16 11:00:00,SL,A_nofilter
24,EMA_CROSS_BEAR,False,90.24486020679763,6,2023-02-17 05:00:00,TP1,A_nofilter
24,EMA_CROSS_BEAR,False,0.7499999999993179,7,2023-02-17 06:00:00,SL,A_nofilter
25,EMA_CROSS_BULL,True,-109.25969496293466,4,2023-02-27 05:00:00,SL,A_nofilter
26,EMA_CROSS_BEAR,False,90.47235730934744,1,2023-02-27 08:00:00,TP1,A_nofilter
26,EMA_CROSS_BEAR,False,0.4499999999995907,2,2023-02-27 09:00:00,SL,A_nofilter
27,EMA_CROSS_BULL,True,-109.62077568990026,2,2023-03-02 09:00:00,SL,A_nofilter
28,EMA_CROSS_BEAR,False,-109.68699865471763,3,2023-03-02 21:00:00,SL,A_nofilter
29,EMA_CROSS_BULL,True,88.65422409387634,6,2023-03-03 05:00:00,TP1,A_nofilter
29,EMA_CROSS_BULL,True,167.9764245989236,13,2023-03-03 12:00:00,TP2,A_nofilter
30,EMA_CROSS_BEAR,False,-111.53578417189647,1,2023-03-03 21:00:00,SL,A_nofilter
32,EMA_CROSS_BEAR,False,-109.13363470139323,1,2023-03-06 15:00:00,SL,A_nofilter
31,EMA_CROSS_BULL,True,-106.35362190192382,19,2023-03-06 16:00:00,SL,A_nofilter
33,EMA_CROSS_BULL,True,-105.68572332091935,3,2023-03-08 14:00:00,SL,A_nofilter
34,EMA_CROSS_BEAR,False,-108.64747037262987,7,2023-03-08 21:00:00,SL,A_nofilter
35,EMA_CROSS_BULL,True,85.57790391575566,6,2023-03-09 05:00:00,TP1,A_nofilter
35,EMA_CROSS_BULL,True,0.4499999999995907,7,2023-03-09 06:00:00,SL,A_nofilter
36,EMA_CROSS_BEAR,False,86.50079005884324,5,2023-03-09 14:00:00,TP1,A_nofilter
36,EMA_CROSS_BEAR,False,0.34999999999968173,6,2023-03-09 15:00:00,SL,A_nofilter
37,EMA_CROSS_BULL,True,-111.952680965785,5,2023-03-13 15:00:00,SL,A_nofilter
38,EMA_CROSS_BEAR,False,85.09747781758597,3,2023-03-13 17:00:00,TP1,A_nofilter
38,EMA_CROSS_BEAR,False,170.19495563517194,3,2023-03-13 17:00:00,TP2,A_nofilter
39,EMA_CROSS_BEAR,False,88.71536051642282,4,2023-03-17 05:00:00,TP1,A_nofilter
39,EMA_CROSS_BEAR,False,177.4307210328477,8,2023-03-17 09:00:00,TP2,A_nofilter
40,EMA_CROSS_BEAR,False,-109.98318730768233,3,2023-03-22 22:00:00,SL,A_nofilter
41,EMA_CROSS_BULL,True,-113.07989572109818,4,2023-03-23 12:00:00,SL,A_nofilter
42,EMA_CROSS_BEAR,False,-107.98172669240375,6,2023-03-23 18:00:00,SL,A_nofilter
43,EMA_CROSS_BULL,True,-109.17083548902542,4,2023-03-23 19:00:00,SL,A_nofilter
44,EMA_CROSS_BULL,True,89.23839078516357,8,2023-03-27 16:00:00,TP1,A_nofilter
44,EMA_CROSS_BULL,True,178.47678157032533,11,2023-03-27 19:00:00,TP2,A_nofilter
45,EMA_CROSS_BULL,True,-111.50361804613726,10,2023-03-29 05:00:00,SL,A_nofilter
46,EMA_CROSS_BULL,True,-109.7968642667156,1,2023-03-31 10:00:00,SL,A_nofilter
47,EMA_CROSS_BEAR,False,88.53991994158946,7,2023-03-31 18:00:00,TP1,A_nofilter
47,EMA_CROSS_BEAR,False,165.27451722430033,18,2023-04-03 05:00:00,TP2,A_nofilter
48,EMA_CROSS_BULL,True,92.85117373903302,6,2023-04-05 08:00:00,TP1,A_nofilter
48,EMA_CROSS_BULL,True,179.71194917232538,13,2023-04-05 15:00:00,TP2,A_nofilter
49,EMA_CROSS_BEAR,False,95.14490766991548,12,2023-04-06 23:00:00,TP1,A_nofilter
49,EMA_CROSS_BEAR,False,190.28981533983097,12,2023-04-06 23:00:00,TP2,A_nofilter
50,EMA_CROSS_BEAR,False,95.59929440795214,7,2023-04-10 02:00:00,TP1,A_nofilter
50,EMA_CROSS_BEAR,False,191.1985888159043,18,2023-04-10 13:00:00,TP2,A_nofilter
51,EMA_CROSS_BEAR,False,-116.62930291306249,6,2023-04-13 17:00:00,SL,A_nofilter
52,EMA_CROSS_BULL,True,-114.10360221708402,7,2023-04-14 07:00:00,SL,A_nofilter
53,EMA_CROSS_BEAR,False,-116.87858486205869,3,2023-04-14 10:00:00,SL,A_nofilter
54,EMA_CROSS_BULL,True,-113.1642531360169,3,2023-04-14 13:00:00,SL,A_nofilter
55,EMA_CROSS_BEAR,False,93.11045186749199,6,2023-04-14 22:00:00,TP1,A_nofilter
55,EMA_CROSS_BEAR,False,186.22090373498398,7,2023-04-14 23:00:00,TP2,A_nofilter
56,EMA_CROSS_BULL,True,-118.29284441636219,9,2023-04-20 02:00:00,SL,A_nofilter
57,EMA_CROSS_BULL,True,-112.23746447843949,5,2023-04-20 14:00:00,SL,A_nofilter
58,EMA_CROSS_BEAR,False,97.86956641853965,7,2023-04-20 21:00:00,TP1,A_nofilter
58,EMA_CROSS_BEAR,False,207.25319947455247,27,2023-04-21 17:00:00,TP2,A_nofilter
59,EMA_CROSS_BULL,True,-116.2253273264596,4,2023-05-01 05:00:00,SL,A_nofilter
60,EMA_CROSS_BEAR,False,-119.05819397450661,3,2023-05-03 18:00:00,SL,A_nofilter
61,EMA_CROSS_BULL,True,94.73059131748268,7,2023-05-04 08:00:00,TP1,A_nofilter
61,EMA_CROSS_BULL,True,182.44410179663328,13,2023-05-04 14:00:00,TP2,A_nofilter
62,EMA_CROSS_BEAR,False,-115.57629308375361,6,2023-05-08 20:00:00,SL,A_nofilter
63,EMA_CROSS_BULL,True,-118.24616862594803,3,2023-05-08 23:00:00,SL,A_nofilter
64,EMA_CROSS_BEAR,False,-113.33794558464798,7,2023-05-09 07:00:00,SL,A_nofilter
65,EMA_CROSS_BEAR,False,95.07207137516889,4,2023-05-11 08:00:00,TP1,A_nofilter
65,EMA_CROSS_BEAR,False,0.39999999999963626,5,2023-05-11 09:00:00,SL,A_nofilter
66,EMA_CROSS_BEAR,False,94.09220226317461,9,2023-05-19 18:00:00,TP1,A_nofilter
66,EMA_CROSS_BEAR,False,178.27996218285716,20,2023-05-22 05:00:00,TP2,A_nofilter
67,EMA_CROSS_BULL,True,98.45195169357773,22,2023-06-05 09:00:00,TP1,A_nofilter
67,EMA_CROSS_BULL,True,208.48648593934104,22,2023-06-05 09:00:00,TP2,A_nofilter
68,EMA_CROSS_BEAR,False,99.40035997674386,5,2023-06-06 02:00:00,TP1,A_nofilter
68,EMA_CROSS_BEAR,False,0.5999999999994543,12,2023-06-06 09:00:00,SL,A_nofilter
69,EMA_CROSS_BULL,True,-123.19123652528106,8,2023-06-06 23:00:00,SL,A_nofilter
70,EMA_CROSS_BEAR,False,100.83527738383633,4,2023-06-07 03:00:00,TP1,A_nofilter
70,EMA_CROSS_BEAR,False,208.6247118286269,7,2023-06-07 06:00:00,TP2,A_nofilter
71,EMA_CROSS_BULL,True,-122.52687849756603,3,2023-06-07 19:00:00,SL,A_nofilter
72,EMA_CROSS_BEAR,False,-119.95364657330538,9,2023-06-08 06:00:00,SL,A_nofilter
73,EMA_CROSS_BULL,True,102.196818851643,6,2023-06-09 16:00:00,TP1,A_nofilter
73,EMA_CROSS_BULL,True,0.4499999999995907,7,2023-06-09 17:00:00,SL,A_nofilter
74,EMA_CROSS_BULL,True,101.92074544533843,10,2023-06-12 20:00:00,TP1,A_nofilter
74,EMA_CROSS_BULL,True,215.83216682542047,32,2023-06-13 18:00:00,TP2,A_nofilter
75,EMA_CROSS_BULL,True,102.51340189763471,13,2023-06-15 10:00:00,TP1,A_nofilter
75,EMA_CROSS_BULL,True,0.24999999999977263,17,2023-06-15 14:00:00,SL,A_nofilter
76,EMA_CROSS_BULL,True,-130.4914503924124,20,2023-06-21 08:00:00,SL,A_nofilter
77,EMA_CROSS_BEAR,False,-125.07347722277926,5,2023-06-21 13:00:00,SL,A_nofilter
78,EMA_CROSS_BULL,True,104.34440181484672,3,2023-06-21 20:00:00,TP1,A_nofilter
78,EMA_CROSS_BULL,True,0.5499999999994998,9,2023-06-22 02:00:00,SL,A_nofilter
79,EMA_CROSS_BEAR,False,-122.07322019287541,3,2023-06-22 07:00:00,SL,A_nofilter
80,EMA_CROSS_BULL,True,102.23958682149761,16,2023-06-23 11:00:00,TP1,A_nofilter
80,EMA_CROSS_BULL,True,195.58877478895192,16,2023-06-23 11:00:00,TP2,A_nofilter
81,EMA_CROSS_BEAR,False,-126.63420611984726,2,2023-06-27 08:00:00,SL,A_nofilter
82,EMA_CROSS_BULL,True,-124.13273122729129,7,2023-06-27 19:00:00,SL,A_nofilter
83,EMA_CROSS_BEAR,False,-121.27852243534107,4,2023-06-28 01:00:00,SL,A_nofilter
84,EMA_CROSS_BULL,True,102.80966954442043,2,2023-06-28 01:00:00,TP1,A_nofilter
84,EMA_CROSS_BULL,True,0.4499999999995907,8,2023-06-28 07:00:00,SL,A_nofilter
85,EMA_CROSS_BULL,True,104.25469919306487,4,2023-06-28 19:00:00,TP1,A_nofilter
85,EMA_CROSS_BULL,True,218.43841735689784,14,2023-06-29 05:00:00,TP2,A_nofilter
86,EMA_CROSS_BEAR,False,-124.95964615173169,6,2023-06-29 17:00:00,SL,A_nofilter
87,EMA_CROSS_BULL,True,106.29094762986801,10,2023-06-30 10:00:00,TP1,A_nofilter
87,EMA_CROSS_BULL,True,0.4499999999995907,12,2023-06-30 12:00:00,SL,A_nofilter
88,EMA_CROSS_BEAR,False,106.23404443743858,4,2023-07-05 19:00:00,TP1,A_nofilter
88,EMA_CROSS_BEAR,False,212.46808887487717,7,2023-07-05 22:00:00,TP2,A_nofilter
89,EMA_CROSS_BULL,True,-132.30030129090028,5,2023-07-07 00:00:00,SL,A_nofilter
90,EMA_CROSS_BEAR,False,-130.70673800561053,5,2023-07-07 20:00:00,SL,A_nofilter
91,EMA_CROSS_BULL,True,104.01546349543037,4,2023-07-10 00:00:00,TP1,A_nofilter
91,EMA_CROSS_BULL,True,0.5499999999994998,11,2023-07-10 07:00:00,SL,A_nofilter
92,EMA_CROSS_BEAR,False,107.18179981980573,6,2023-07-11 10:00:00,TP1,A_nofilter
92,EMA_CROSS_BEAR,False,214.36359963961146,10,2023-07-11 14:00:00,TP2,A_nofilter
93,EMA_CROSS_BEAR,False,-134.0902307782153,4,2023-07-26 04:00:00,SL,A_nofilter
94,EMA_CROSS_BULL,True,-133.0160931112971,12,2023-07-26 18:00:00,SL,A_nofilter
95,EMA_CROSS_BEAR,False,-131.84298858923466,3,2023-08-02 02:00:00,SL,A_nofilter
96,EMA_CROSS_BULL,True,105.94094151972217,4,2023-08-02 04:00:00,TP1,A_nofilter
96,EMA_CROSS_BULL,True,211.88188303944685,9,2023-08-02 09:00:00,TP2,A_nofilter
97,EMA_CROSS_BEAR,False,107.8807957472193,3,2023-08-04 03:00:00,TP1,A_nofilter
97,EMA_CROSS_BEAR,False,0.4499999999995907,18,2023-08-04 18:00:00,SL,A_nofilter
98,EMA_CROSS_BEAR,False,110.5627077935684,3,2023-08-08 16:00:00,TP1,A_nofilter
98,EMA_CROSS_BEAR,False,0.5499999999994998,8,2023-08-08 21:00:00,SL,A_nofilter
99,EMA_CROSS_BULL,True,-135.7741488015472,5,2023-08-10 04:00:00,SL,A_nofilter
100,EMA_CROSS_BEAR,False,112.7697462615895,28,2023-08-22 11:00:00,TP1,A_nofilter
100,EMA_CROSS_BEAR,False,0.34999999999968173,32,2023-08-22 15:00:00,SL,A_nofilter
101,EMA_CROSS_BULL,True,-130.92399497042675,1,2023-08-24 07:00:00,SL,A_nofilter
102,EMA_CROSS_BEAR,False,109.56144346543135,3,2023-08-24 14:00:00,TP1,A_nofilter
102,EMA_CROSS_BEAR,False,0.849999999999227,13,2023-08-25 00:00:00,SL,A_nofilter
103,EMA_CROSS_BULL,True,-135.75982202567548,2,2023-08-29 02:00:00,SL,A_nofilter
104,EMA_CROSS_BEAR,False,-129.0151976987513,1,2023-08-30 13:00:00,SL,A_nofilter
105,EMA_CROSS_BEAR,False,110.05396098851882,8,2023-08-31 22:00:00,TP1,A_nofilter
105,EMA_CROSS_BEAR,False,0.5499999999994998,22,2023-09-01 12:00:00,SL,A_nofilter
106,EMA_CROSS_BULL,True,106.38272809331058,9,2023-09-04 16:00:00,TP1,A_nofilter
106,EMA_CROSS_BULL,True,225.28107125642234,11,2023-09-04 18:00:00,TP2,A_nofilter
107,EMA_CROSS_BEAR,False,-132.73424901512044,7,2023-09-07 19:00:00,SL,A_nofilter
108,EMA_CROSS_BEAR,False,111.03869782568108,3,2023-09-12 03:00:00,TP1,A_nofilter
108,EMA_CROSS_BEAR,False,222.07739565135944,10,2023-09-12 10:00:00,TP2,A_nofilter
109,EMA_CROSS_BEAR,False,113.37159157275165,23,2023-09-18 12:00:00,TP1,A_nofilter
109,EMA_CROSS_BEAR,False,0.39999999999963626,26,2023-09-18 15:00:00,SL,A_nofilter
110,EMA_CROSS_BULL,True,-138.8631573448729,6,2023-09-19 04:00:00,SL,A_nofilter
111,EMA_CROSS_BULL,True,-134.7496274414989,1,2023-09-21 07:00:00,SL,A_nofilter
112,EMA_CROSS_BEAR,False,115.8712211869489,6,2023-09-21 13:00:00,TP1,A_nofilter
112,EMA_CROSS_BEAR,False,0.4499999999995907,10,2023-09-21 17:00:00,SL,A_nofilter
113,EMA_CROSS_BEAR,False,-135.56259305129288,10,2023-09-22 19:00:00,SL,A_nofilter
114,EMA_CROSS_BULL,True,-132.242358707769,3,2023-10-03 00:00:00,SL,A_nofilter
115,EMA_CROSS_BEAR,False,-134.9012442134026,10,2023-10-03 08:00:00,SL,A_nofilter
116,EMA_CROSS_BULL,True,111.47754060619945,11,2023-10-03 12:00:00,TP1,A_nofilter
116,EMA_CROSS_BULL,True,0.49999999999954525,15,2023-10-03 16:00:00,SL,A_nofilter
117,EMA_CROSS_BEAR,False,111.03020422763575,9,2023-10-04 04:00:00,TP1,A_nofilter
117,EMA_CROSS_BEAR,False,0.4499999999995907,10,2023-10-04 05:00:00,SL,A_nofilter
118,EMA_CROSS_BEAR,False,-135.7248036446715,5,2023-10-06 09:00:00,SL,A_nofilter
119,EMA_CROSS_BEAR,False,-131.82630995279214,2,2023-10-16 07:00:00,SL,A_nofilter
120,EMA_CROSS_BULL,True,108.49241702052745,3,2023-10-16 09:00:00,TP1,A_nofilter
120,EMA_CROSS_BULL,True,216.9848340410549,3,2023-10-16 09:00:00,TP2,A_nofilter
121,EMA_CROSS_BULL,True,-137.8509588054576,7,2023-11-02 01:00:00,SL,A_nofilter
122,EMA_CROSS_BEAR,False,-133.93363627318467,13,2023-11-06 09:00:00,SL,A_nofilter
123,EMA_CROSS_BULL,True,-129.91129916223872,4,2023-11-06 15:00:00,SL,A_nofilter
124,EMA_CROSS_BEAR,False,-133.01690293942556,1,2023-11-09 10:00:00,SL,A_nofilter
125,EMA_CROSS_BULL,True,-128.2247223515369,3,2023-11-09 13:00:00,SL,A_nofilter
126,EMA_CROSS_BEAR,False,-128.33095199696004,2,2023-11-13 10:00:00,SL,A_nofilter
1,EMA_CROSS_BEAR,False,-99.0739881612876,3,2023-01-09 14:00:00,SL,B_filtered
2,EMA_CROSS_BULL,True,83.46380614319355,4,2023-01-11 17:00:00,TP1,B_filtered
2,EMA_CROSS_BULL,True,0.5499999999994998,9,2023-01-11 22:00:00,SL,B_filtered
3,EMA_CROSS_BEAR,False,-102.484003865884,14,2023-01-17 09:00:00,SL,B_filtered
4,EMA_CROSS_BULL,True,83.35523715630484,6,2023-01-17 10:00:00,TP1,B_filtered
4,EMA_CROSS_BULL,True,0.5499999999994998,30,2023-01-18 10:00:00,SL,B_filtered
5,EMA_CROSS_BULL,True,-99.88132887568781,2,2023-01-20 10:00:00,SL,B_filtered
6,EMA_CROSS_BULL,True,83.79163874935534,10,2023-01-23 03:00:00,TP1,B_filtered
6,EMA_CROSS_BULL,True,158.76310499877647,21,2023-01-23 14:00:00,TP2,B_filtered
7,EMA_CROSS_BULL,True,85.02193206475205,3,2023-01-25 00:00:00,TP1,B_filtered
7,EMA_CROSS_BULL,True,0.6999999999993635,4,2023-01-25 01:00:00,SL,B_filtered
8,EMA_CROSS_BEAR,False,85.25861733257318,1,2023-01-25 02:00:00,TP1,B_filtered
8,EMA_CROSS_BEAR,False,0.4499999999995907,2,2023-01-25 03:00:00,SL,B_filtered
9,EMA_CROSS_BEAR,False,88.52757548003581,3,2023-01-31 00:00:00,TP1,B_filtered
9,EMA_CROSS_BEAR,False,0.34999999999968173,23,2023-01-31 20:00:00,SL,B_filtered
10,EMA_CROSS_BULL,True,86.6981600151289,5,2023-01-31 23:00:00,TP1,B_filtered
10,EMA_CROSS_BULL,True,0.4499999999995907,16,2023-02-01 10:00:00,SL,B_filtered
11,EMA_CROSS_BEAR,False,89.0890303005284,22,2023-02-03 04:00:00,TP1,B_filtered
11,EMA_CROSS_BEAR,False,0.34999999999968173,44,2023-02-06 02:00:00,SL,B_filtered
12,EMA_CROSS_BEAR,False,87.9171249179808,2,2023-02-08 18:00:00,TP1,B_filtered
12,EMA_CROSS_BEAR,False,175.8342498359616,5,2023-02-08 21:00:00,TP2,B_filtered
13,EMA_CROSS_BULL,True,92.79230755638127,6,2023-02-14 16:00:00,TP1,B_filtered
13,EMA_CROSS_BULL,True,185.58461511276255,9,2023-02-14 19:00:00,TP2,B_filtered
14,EMA_CROSS_BULL,True,-109.99568835238733,5,2023-02-16 11:00:00,SL,B_filtered
15,EMA_CROSS_BEAR,False,90.47235730934744,1,2023-02-27 08:00:00,TP1,B_filtered
15,EMA_CROSS_BEAR,False,0.4499999999995907,2,2023-02-27 09:00:00,SL,B_filtered
16,EMA_CROSS_BULL,True,-109.62077568990026,2,2023-03-02 09:00:00,SL,B_filtered
17,EMA_CROSS_BULL,True,93.32023588829088,6,2023-03-03 05:00:00,TP1,B_filtered
17,EMA_CROSS_BULL,True,186.64047177658176,13,2023-03-03 12:00:00,TP2,B_filtered
18,EMA_CROSS_BULL,True,-113.50435351767874,1,2023-03-06 16:00:00,SL,B_filtered
19,EMA_CROSS_BULL,True,-112.97439389477586,3,2023-03-08 14:00:00,SL,B_filtered
20,EMA_CROSS_BULL,True,90.08200412184806,6,2023-03-09 05:00:00,TP1,B_filtered
20,EMA_CROSS_BULL,True,0.49999999999954525,7,2023-03-09 06:00:00,SL,B_filtered
21,EMA_CROSS_BEAR,False,92.67941792018917,5,2023-03-09 14:00:00,TP1,B_filtered
21,EMA_CROSS_BEAR,False,0.34999999999968173,6,2023-03-09 15:00:00,SL,B_filtered
22,EMA_CROSS_BEAR,False,93.6439916562241,4,2023-03-17 05:00:00,TP1,B_filtered
22,EMA_CROSS_BEAR,False,177.4307210328477,8,2023-03-17 09:00:00,TP2,B_filtered
23,EMA_CROSS_BULL,True,-113.07989572109818,4,2023-03-23 12:00:00,SL,B_filtered
24,EMA_CROSS_BULL,True,-114.36944670278855,4,2023-03-23 19:00:00,SL,B_filtered
25,EMA_CROSS_BULL,True,94.81579020923631,8,2023-03-27 16:00:00,TP1,B_filtered
25,EMA_CROSS_BULL,True,200.78637926661597,11,2023-03-27 19:00:00,TP2,B_filtered
26,EMA_CROSS_BULL,True,-116.81331414357237,10,2023-03-29 05:00:00,SL,B_filtered
27,EMA_CROSS_BEAR,False,94.44258127102876,7,2023-03-31 18:00:00,TP1,B_filtered
27,EMA_CROSS_BEAR,False,188.88516254205751,18,2023-04-03 05:00:00,TP2,B_filtered
28,EMA_CROSS_BULL,True,98.84157204477708,6,2023-04-05 08:00:00,TP1,B_filtered
28,EMA_CROSS_BULL,True,203.6735423953021,13,2023-04-05 15:00:00,TP2,B_filtered
29,EMA_CROSS_BEAR,False,100.43073587379968,12,2023-04-06 23:00:00,TP1,B_filtered
29,EMA_CROSS_BEAR,False,190.28981533983097,12,2023-04-06 23:00:00,TP2,B_filtered
30,EMA_CROSS_BEAR,False,-123.4898501432426,6,2023-04-13 17:00:00,SL,B_filtered
31,EMA_CROSS_BEAR,False,-123.3718395766175,3,2023-04-14 10:00:00,SL,B_filtered
32,EMA_CROSS_BEAR,False,102.42149705424117,6,2023-04-14 22:00:00,TP1,B_filtered
32,EMA_CROSS_BEAR,False,204.84299410848234,7,2023-04-14 23:00:00,TP2,B_filtered
33,EMA_CROSS_BULL,True,-123.43601156489967,9,2023-04-20 02:00:00,SL,B_filtered
34,EMA_CROSS_BEAR,False,103.62659973727727,7,2023-04-20 21:00:00,TP1,B_filtered
34,EMA_CROSS_BEAR,False,207.25319947455247,27,2023-04-21 17:00:00,TP2,B_filtered
35,EMA_CROSS_BULL,True,-124.52713642120669,4,2023-05-01 05:00:00,SL,B_filtered
36,EMA_CROSS_BEAR,False,-126.06161714947757,3,2023-05-03 18:00:00,SL,B_filtered
37,EMA_CROSS_BULL,True,101.74767215581471,7,2023-05-04 08:00:00,TP1,B_filtered
37,EMA_CROSS_BULL,True,210.51242514996144,13,2023-05-04 14:00:00,TP2,B_filtered
38,EMA_CROSS_BULL,True,-124.81540021627848,3,2023-05-08 23:00:00,SL,B_filtered
39,EMA_CROSS_BEAR,False,-127.50518878272896,7,2023-05-09 07:00:00,SL,B_filtered
40,EMA_CROSS_BEAR,False,101.01407583611694,4,2023-05-11 08:00:00,TP1,B_filtered
40,EMA_CROSS_BEAR,False,0.4499999999995907,5,2023-05-11 09:00:00,SL,B_filtered
41,EMA_CROSS_BEAR,False,103.99664460666666,9,2023-05-19 18:00:00,TP1,B_filtered
41,EMA_CROSS_BEAR,False,217.89773155682545,20,2023-05-22 05:00:00,TP2,B_filtered
42,EMA_CROSS_BULL,True,104.24324296967052,22,2023-06-05 09:00:00,TP1,B_filtered
42,EMA_CROSS_BULL,True,208.48648593934104,22,2023-06-05 09:00:00,TP2,B_filtered
43,EMA_CROSS_BEAR,False,107.68372330813918,5,2023-06-06 02:00:00,TP1,B_filtered
43,EMA_CROSS_BEAR,False,0.6499999999994088,12,2023-06-06 09:00:00,SL,B_filtered
44,EMA_CROSS_BEAR,False,111.26651297526769,4,2023-06-07 03:00:00,TP1,B_filtered
44,EMA_CROSS_BEAR,False,222.53302595053538,7,2023-06-07 06:00:00,TP2,B_filtered
45,EMA_CROSS_BEAR,False,-134.94785239496855,9,2023-06-08 06:00:00,SL,B_filtered
46,EMA_CROSS_BULL,True,114.21997401065983,6,2023-06-09 16:00:00,TP1,B_filtered
46,EMA_CROSS_BULL,True,0.4499999999995907,7,2023-06-09 17:00:00,SL,B_filtered
47,EMA_CROSS_BULL,True,113.9114213800841,10,2023-06-12 20:00:00,TP1,B_filtered
47,EMA_CROSS_BULL,True,215.83216682542047,32,2023-06-13 18:00:00,TP2,B_filtered
48,EMA_CROSS_BULL,True,113.417828059616,3,2023-06-21 20:00:00,TP1,B_filtered
48,EMA_CROSS_BULL,True,0.6499999999994088,9,2023-06-22 02:00:00,SL,B_filtered
49,EMA_CROSS_BEAR,False,-141.34793917069783,3,2023-06-22 07:00:00,SL,B_filtered
50,EMA_CROSS_BULL,True,-138.7365819599138,7,2023-06-27 19:00:00,SL,B_filtered
51,EMA_CROSS_BULL,True,113.63174002278049,2,2023-06-28 01:00:00,TP1,B_filtered
51,EMA_CROSS_BULL,True,0.5499999999994998,8,2023-06-28 07:00:00,SL,B_filtered
52,EMA_CROSS_BULL,True,114.18371816383296,4,2023-06-28 19:00:00,TP1,B_filtered
52,EMA_CROSS_BULL,True,218.43841735689784,14,2023-06-29 05:00:00,TP2,B_filtered
53,EMA_CROSS_BEAR,False,-141.99959789969512,6,2023-06-29 17:00:00,SL,B_filtered
54,EMA_CROSS_BULL,True,117.479468433012,10,2023-06-30 10:00:00,TP1,B_filtered
54,EMA_CROSS_BULL,True,0.5499999999994998,12,2023-06-30 12:00:00,SL,B_filtered
55,EMA_CROSS_BEAR,False,118.49181879560456,4,2023-07-05 19:00:00,TP1,B_filtered
55,EMA_CROSS_BEAR,False,245.15548716331978,7,2023-07-05 22:00:00,TP2,B_filtered
56,EMA_CROSS_BULL,True,-146.47533357206817,5,2023-07-07 00:00:00,SL,B_filtered
57,EMA_CROSS_BEAR,False,120.57952479728146,6,2023-07-11 10:00:00,TP1,B_filtered
57,EMA_CROSS_BEAR,False,232.22723294291248,10,2023-07-11 14:00:00,TP2,B_filtered
58,EMA_CROSS_BULL,True,-148.97802428465278,12,2023-07-26 18:00:00,SL,B_filtered
59,EMA_CROSS_BULL,True,120.38743354513883,4,2023-08-02 04:00:00,TP1,B_filtered
59,EMA_CROSS_BULL,True,250.40586177389176,9,2023-08-02 09:00:00,TP2,B_filtered
60,EMA_CROSS_BEAR,False,126.9185832320227,3,2023-08-04 03:00:00,TP1,B_filtered
60,EMA_CROSS_BEAR,False,0.49999999999954525,18,2023-08-04 18:00:00,SL,B_filtered
61,EMA_CROSS_BULL,True,-149.35156368170192,5,2023-08-10 04:00:00,SL,B_filtered
62,EMA_CROSS_BEAR,False,120.82472813741731,28,2023-08-22 11:00:00,TP1,B_filtered
62,EMA_CROSS_BEAR,False,0.34999999999968173,32,2023-08-22 15:00:00,SL,B_filtered
63,EMA_CROSS_BULL,True,-148.9824770353132,1,2023-08-24 07:00:00,SL,B_filtered
64,EMA_CROSS_BULL,True,-148.1016240280096,2,2023-08-29 02:00:00,SL,B_filtered
65,EMA_CROSS_BEAR,False,120.05886653292963,8,2023-08-31 22:00:00,TP1,B_filtered
65,EMA_CROSS_BEAR,False,0.5999999999994543,22,2023-09-01 12:00:00,SL,B_filtered
66,EMA_CROSS_BULL,True,125.15615069801242,9,2023-09-04 16:00:00,TP1,B_filtered
66,EMA_CROSS_BULL,True,250.31230139602485,11,2023-09-04 18:00:00,TP2,B_filtered
67,EMA_CROSS_BEAR,False,124.91853505389123,3,2023-09-12 03:00:00,TP1,B_filtered
67,EMA_CROSS_BEAR,False,240.58384528897273,10,2023-09-12 10:00:00,TP2,B_filtered
68,EMA_CROSS_BULL,True,-157.2078986817487,1,2023-09-21 07:00:00,SL,B_filtered
69,EMA_CROSS_BEAR,False,-150.7719788267441,10,2023-10-03 08:00:00,SL,B_filtered
70,EMA_CROSS_BEAR,False,128.5612891056835,9,2023-10-04 04:00:00,TP1,B_filtered
70,EMA_CROSS_BEAR,False,0.5499999999994998,10,2023-10-04 05:00:00,SL,B_filtered
71,EMA_CROSS_BEAR,False,-153.42803890267214,5,2023-10-06 09:00:00,SL,B_filtered
72,EMA_CROSS_BULL,True,128.21831102425975,3,2023-10-16 09:00:00,TP1,B_filtered
72,EMA_CROSS_BULL,True,256.4366220485195,3,2023-10-16 09:00:00,TP2,B_filtered
73,EMA_CROSS_BULL,True,-156.64881682438363,7,2023-11-02 01:00:00,SL,B_filtered
74,EMA_CROSS_BULL,True,-151.56318235594517,4,2023-11-06 15:00:00,SL,B_filtered
75,EMA_CROSS_BULL,True,-154.93820617477377,3,2023-11-09 13:00:00,SL,B_filtered
76,EMA_CROSS_BEAR,False,-151.24910257529314,6,2023-11-14 20:00:00,SL,B_filtered
77,EMA_CROSS_BULL,True,-151.3255569646608,4,2023-11-15 16:00:00,SL,B_filtered
78,EMA_CROSS_BULL,True,123.41925071955144,12,2023-11-21 17:00:00,TP1,B_filtered
78,EMA_CROSS_BULL,True,0.6499999999994088,18,2023-11-21 23:00:00,SL,B_filtered
79,EMA_CROSS_BULL,True,122.581642103837,5,2023-11-29 07:00:00,TP1,B_filtered
79,EMA_CROSS_BULL,True,232.25995345990168,33,2023-11-30 11:00:00,TP2,B_filtered
80,EMA_CROSS_BULL,True,-153.63688359633215,5,2023-12-01 11:00:00,SL,B_filtered
81,EMA_CROSS_BULL,True,126.9136287229792,10,2023-12-04 13:00:00,TP1,B_filtered
81,EMA_CROSS_BULL,True,0.4499999999995907,11,2023-12-04 14:00:00,SL,B_filtered
82,EMA_CROSS_BEAR,False,-153.14639221388325,4,2023-12-15 14:00:00,SL,B_filtered
83,EMA_CROSS_BEAR,False,-149.0531438063281,2,2023-12-20 15:00:00,SL,B_filtered
84,EMA_CROSS_BEAR,False,-150.04689501511893,2,2023-12-21 03:00:00,SL,B_filtered
85,EMA_CROSS_BULL,True,121.1214953158924,3,2023-12-22 12:00:00,TP1,B_filtered
85,EMA_CROSS_BULL,True,242.24299063178933,27,2023-12-25 12:00:00,TP2,B_filtered
86,EMA_CROSS_BULL,True,-149.59267335252662,3,2023-12-26 14:00:00,SL,B_filtered
87,EMA_CROSS_BULL,True,122.76666935889466,6,2023-12-27 02:00:00,TP1,B_filtered
87,EMA_CROSS_BULL,True,0.35000000000127335,9,2023-12-27 05:00:00,SL,B_filtered
88,EMA_CROSS_BULL,True,124.09340458713085,6,2023-12-29 02:00:00,TP1,B_filtered
88,EMA_CROSS_BULL,True,248.18680917425624,32,2024-01-01 04:00:00,TP2,B_filtered
89,EMA_CROSS_BULL,True,127.50902260734595,4,2024-01-02 14:00:00,TP1,B_filtered
89,EMA_CROSS_BULL,True,0.5500000000020009,7,2024-01-02 17:00:00,SL,B_filtered
90,EMA_CROSS_BULL,True,133.652505716816,3,2024-01-04 03:00:00,TP1,B_filtered
90,EMA_CROSS_BULL,True,267.305011433632,3,2024-01-04 03:00:00,TP2,B_filtered
91,EMA_CROSS_BULL,True,136.2194669949486,1,2024-01-05 18:00:00,TP1,B_filtered
91,EMA_CROSS_BULL,True,272.4389339898972,1,2024-01-05 18:00:00,TP2,B_filtered
92,EMA_CROSS_BULL,True,135.6761185900532,9,2024-01-11 05:00:00,TP1,B_filtered
92,EMA_CROSS_BULL,True,257.07054048642067,14,2024-01-11 10:00:00,TP2,B_filtered
93,EMA_CROSS_BULL,True,141.12135083611656,5,2024-01-17 00:00:00,TP1,B_filtered
93,EMA_CROSS_BULL,True,0.4500000000016371,7,2024-01-17 02:00:00,SL,B_filtered
94,EMA_CROSS_BEAR,False,140.1206215261018,11,2024-01-18 09:00:00,TP1,B_filtered
94,EMA_CROSS_BEAR,False,293.58606414992255,14,2024-01-18 12:00:00,TP2,B_filtered
95,EMA_CROSS_BULL,True,146.79406627805747,3,2024-01-22 22:00:00,TP1,B_filtered
95,EMA_CROSS_BULL,True,293.58813255610903,3,2024-01-22 22:00:00,TP2,B_filtered
96,EMA_CROSS_BEAR,False,150.00759493417627,4,2024-01-23 11:00:00,TP1,B_filtered
96,EMA_CROSS_BEAR,False,0.9000000000032742,9,2024-01-23 16:00:00,SL,B_filtered
97,EMA_CROSS_BULL,True,-180.79209178956265,2,2024-01-29 20:00:00,SL,B_filtered
98,EMA_CROSS_BULL,True,-177.3525247791431,18,2024-02-02 05:00:00,SL,B_filtered
99,EMA_CROSS_BEAR,False,-176.34864141971414,1,2024-02-02 05:00:00,SL,B_filtered
100,EMA_CROSS_BULL,True,-178.41620573388082,5,2024-02-05 07:00:00,SL,B_filtered
101,EMA_CROSS_BEAR,False,145.8477127506178,13,2024-02-13 20:00:00,TP1,B_filtered
101,EMA_CROSS_BEAR,False,276.3430346853811,21,2024-02-14 04:00:00,TP2,B_filtered
102,EMA_CROSS_BULL,True,149.91505200410847,9,2024-02-21 21:00:00,TP1,B_filtered
102,EMA_CROSS_BULL,True,299.83010400821695,14,2024-02-22 02:00:00,TP2,B_filtered
103,EMA_CROSS_BEAR,False,154.0512540115467,3,2024-02-26 17:00:00,TP1,B_filtered
103,EMA_CROSS_BEAR,False,294.706746804698,5,2024-02-26 19:00:00,TP2,B_filtered
104,EMA_CROSS_BEAR,False,158.74068705616537,3,2024-02-28 02:00:00,TP1,B_filtered
104,EMA_CROSS_BEAR,False,0.500000000001819,5,2024-02-28 04:00:00,SL,B_filtered
105,EMA_CROSS_BULL,True,157.90582163551673,5,2024-02-28 20:00:00,TP1,B_filtered
105,EMA_CROSS_BULL,True,326.7016999355519,5,2024-02-28 20:00:00,TP2,B_filtered
106,EMA_CROSS_BEAR,False,-192.87589912826297,14,2024-03-12 03:00:00,SL,B_filtered
107,EMA_CROSS_BEAR,False,-193.27542716409016,2,2024-03-12 19:00:00,SL,B_filtered
108,EMA_CROSS_BULL,True,156.48411131043986,2,2024-03-18 22:00:00,TP1,B_filtered
108,EMA_CROSS_BULL,True,312.9682226208797,2,2024-03-18 22:00:00,TP2,B_filtered
109,EMA_CROSS_BEAR,False,-194.9950447342617,14,2024-03-20 04:00:00,SL,B_filtered
110,EMA_CROSS_BULL,True,-193.09478581298572,2,2024-03-20 06:00:00,SL,B_filtered
111,EMA_CROSS_BULL,True,160.32017518944122,6,2024-03-20 16:00:00,TP1,B_filtered
111,EMA_CROSS_BULL,True,0.8500000000030924,10,2024-03-20 20:00:00,SL,B_filtered
112,EMA_CROSS_BEAR,False,160.676307945816,1,2024-03-21 18:00:00,TP1,B_filtered
112,EMA_CROSS_BEAR,False,321.35261589162656,11,2024-03-22 04:00:00,TP2,B_filtered
113,EMA_CROSS_BEAR,False,-197.12523371396173,12,2024-04-01 04:00:00,SL,B_filtered
114,EMA_CROSS_BULL,True,-195.69891660249323,1,2024-04-02 04:00:00,SL,B_filtered
115,EMA_CROSS_BEAR,False,160.7026718131765,2,2024-04-04 16:00:00,TP1,B_filtered
115,EMA_CROSS_BEAR,False,0.8500000000030924,5,2024-04-04 19:00:00,SL,B_filtered
116,EMA_CROSS_BEAR,False,-196.77712947399414,17,2024-04-10 06:00:00,SL,B_filtered
117,EMA_CROSS_BULL,True,162.644419463737,3,2024-04-10 08:00:00,TP1,B_filtered
117,EMA_CROSS_BULL,True,325.288838927474,5,2024-04-10 10:00:00,TP2,B_filtered
118,EMA_CROSS_BULL,True,-198.26838577801846,2,2024-04-12 08:00:00,SL,B_filtered
119,EMA_CROSS_BULL,True,160.96980626371078,4,2024-04-15 19:00:00,TP1,B_filtered
119,EMA_CROSS_BULL,True,334.8171970285184,15,2024-04-16 06:00:00,TP2,B_filtered
120,EMA_CROSS_BULL,True,-204.92261451201648,5,2024-04-18 21:00:00,SL,B_filtered
121,EMA_CROSS_BULL,True,161.93242801173824,13,2024-04-19 17:00:00,TP1,B_filtered
121,EMA_CROSS_BULL,True,0.6500000000023648,17,2024-04-19 21:00:00,SL,B_filtered
122,EMA_CROSS_BULL,True,-202.29433488188081,5,2024-04-22 09:00:00,SL,B_filtered
123,EMA_CROSS_BEAR,False,165.08756363651628,11,2024-04-24 06:00:00,TP1,B_filtered
123,EMA_CROSS_BEAR,False,1.000000000003638,13,2024-04-24 08:00:00,SL,B_filtered
124,EMA_CROSS_BULL,True,166.11006875443013,6,2024-04-26 16:00:00,TP1,B_filtered
124,EMA_CROSS_BULL,True,341.1990601442435,6,2024-04-26 16:00:00,TP2,B_filtered
125,EMA_CROSS_BEAR,False,-206.13406798455344,3,2024-04-30 08:00:00,SL,B_filtered
126,EMA_CROSS_BULL,True,169.9445683962731,10,2024-05-06 11:00:00,TP1,B_filtered
126,EMA_CROSS_BULL,True,350.1888076044493,24,2024-05-07 01:00:00,TP2,B_filtered
127,EMA_CROSS_BEAR,False,-210.01952452110118,7,2024-05-21 20:00:00,SL,B_filtered
128,EMA_CROSS_BEAR,False,-205.31275812051715,3,2024-05-22 08:00:00,SL,B_filtered
129,EMA_CROSS_BULL,True,166.6015828724676,5,2024-05-23 12:00:00,TP1,B_filtered
129,EMA_CROSS_BULL,True,0.7500000000027285,6,2024-05-23 13:00:00,SL,B_filtered
130,EMA_CROSS_BEAR,False,-203.34596356907423,3,2024-05-24 13:00:00,SL,B_filtered
131,EMA_CROSS_BULL,True,169.8509136279922,6,2024-05-28 17:00:00,TP1,B_filtered
131,EMA_CROSS_BULL,True,0.4500000000016371,9,2024-05-28 20:00:00,SL,B_filtered
132,EMA_CROSS_BULL,True,169.77885508807503,5,2024-06-03 12:00:00,TP1,B_filtered
132,EMA_CROSS_BULL,True,339.55771017615007,5,2024-06-03 12:00:00,TP2,B_filtered
133,EMA_CROSS_BULL,True,-205.55945908528201,9,2024-06-05 03:00:00,SL,B_filtered
134,EMA_CROSS_BULL,True,-203.35842664796658,2,2024-06-05 12:00:00,SL,B_filtered
135,EMA_CROSS_BULL,True,-206.67345996403674,4,2024-06-05 21:00:00,SL,B_filtered
136,EMA_CROSS_BULL,True,-204.63080767679273,6,2024-06-06 04:00:00,SL,B_filtered
137,EMA_CROSS_BEAR,False,164.93003742008614,6,2024-06-06 12:00:00,TP1,B_filtered
137,EMA_CROSS_BEAR,False,0.5500000000020009,7,2024-06-06 13:00:00,SL,B_filtered
138,EMA_CROSS_BEAR,False,172.11216692379548,9,2024-06-25 13:00:00,TP1,B_filtered
138,EMA_CROSS_BEAR,False,0.5500000000020009,10,2024-06-25 14:00:00,SL,B_filtered
139,EMA_CROSS_BULL,True,-206.07838697842905,3,2024-07-01 18:00:00,SL,B_filtered
140,EMA_CROSS_BULL,True,171.2939901027985,5,2024-07-05 07:00:00,TP1,B_filtered
140,EMA_CROSS_BULL,True,342.5879802056029,5,2024-07-05 07:00:00,TP2,B_filtered
141,EMA_CROSS_BEAR,False,175.32290136878146,6,2024-07-08 14:00:00,TP1,B_filtered
141,EMA_CROSS_BEAR,False,350.6458027375629,6,2024-07-08 14:00:00,TP2,B_filtered
142,EMA_CROSS_BEAR,False,175.71303710473762,11,2024-07-11 20:00:00,TP1,B_filtered
142,EMA_CROSS_BEAR,False,0.5500000000020009,18,2024-07-12 03:00:00,SL,B_filtered
143,EMA_CROSS_BULL,True,179.22297682289263,1,2024-07-15 05:00:00,TP1,B_filtered
143,EMA_CROSS_BULL,True,1.0500000000038197,2,2024-07-15 06:00:00,SL,B_filtered
144,EMA_CROSS_BULL,True,180.8765226279829,5,2024-07-23 14:00:00,TP1,B_filtered
144,EMA_CROSS_BULL,True,361.7530452559658,7,2024-07-23 16:00:00,TP2,B_filtered
145,EMA_CROSS_BULL,True,-218.54892826226023,4,2024-07-24 11:00:00,SL,B_filtered
146,EMA_CROSS_BEAR,False,183.62281943402013,11,2024-07-25 13:00:00,TP1,B_filtered
146,EMA_CROSS_BEAR,False,367.24563886804026,13,2024-07-25 15:00:00,TP2,B_filtered
147,EMA_CROSS_BEAR,False,186.4909315723639,8,2024-08-01 07:00:00,TP1,B_filtered
147,EMA_CROSS_BEAR,False,372.9818631447278,8,2024-08-01 07:00:00,TP2,B_filtered
148,EMA_CROSS_BEAR,False,-229.3410674238712,7,2024-08-06 02:00:00,SL,B_filtered
149,EMA_CROSS_BULL,True,189.3604716070531,1,2024-08-06 05:00:00,TP1,B_filtered
149,EMA_CROSS_BULL,True,0.9000000000032742,4,2024-08-06 08:00:00,SL,B_filtered
150,EMA_CROSS_BULL,True,-233.16338041997736,2,2024-08-08 04:00:00,SL,B_filtered
151,EMA_CROSS_BULL,True,191.95217717033256,4,2024-08-14 20:00:00,TP1,B_filtered
151,EMA_CROSS_BULL,True,1.0500000000038197,5,2024-08-14 21:00:00,SL,B_filtered
152,EMA_CROSS_BEAR,False,190.67121017843644,3,2024-08-19 03:00:00,TP1,B_filtered
152,EMA_CROSS_BEAR,False,0.8500000000030924,4,2024-08-19 04:00:00,SL,B_filtered
153,EMA_CROSS_BULL,True,195.03817076585622,4,2024-08-21 09:00:00,TP1,B_filtered
153,EMA_CROSS_BULL,True,390.07634153171244,25,2024-08-22 06:00:00,TP2,B_filtered
154,EMA_CROSS_BULL,True,-239.9109326744865,1,2024-08-22 15:00:00,SL,B_filtered
155,EMA_CROSS_BEAR,False,-235.17307419157441,5,2024-08-23 17:00:00,SL,B_filtered
156,EMA_CROSS_BEAR,False,-234.74864676981272,9,2024-08-30 10:00:00,SL,B_filtered
157,EMA_CROSS_BULL,True,-230.10212971295232,9,2024-09-05 18:00:00,SL,B_filtered
158,EMA_CROSS_BULL,True,-230.98761820002576,6,2024-09-16 08:00:00,SL,B_filtered
159,EMA_CROSS_BULL,True,-223.9770618620801,1,2024-09-16 15:00:00,SL,B_filtered
160,EMA_CROSS_BEAR,False,-225.46652353143145,2,2024-09-20 18:00:00,SL,B_filtered
161,EMA_CROSS_BULL,True,-221.13931527322163,12,2024-09-27 13:00:00,SL,B_filtered
162,EMA_CROSS_BULL,True,-216.88063244477735,1,2024-09-27 18:00:00,SL,B_filtered
